,time,x,y,z,roll,pitch,yaw
0,163645070.103865,-25869.6953125,-93280.2890625,1.54699683189,0.000595979562289839,0.002345089031501768,1.7522544595623624
1,163645070.403865,-25869.8867188,-93279.2578125,1.54705429077,0.0006231350554993693,0.001328946955734267,1.761676028877227
2,163645070.702865,-25870.1171875,-93278.078125,1.5456430912,0.0008881789533469089,0.0002054375175049028,1.7728204124533793
3,163645071.003864,-25870.3671875,-93276.890625,1.54727959633,0.000731942384541191,0.0003860603350638314,1.784547976521377
4,163645071.302864,-25870.6523438,-93275.59375,1.54501831532,0.0006027841785376277,0.001782295918655974,1.795168542592854
5,163645071.602864,-25870.9960938,-93274.1875,1.54252886772,0.0006597470349754035,0.004246647138064885,1.8063769896871427
6,163645071.803864,-25871.2324219,-93273.2265625,1.53467106819,0.0004227433678644314,0.004677228815331835,1.8145845060308534
7,163645072.003863,-25871.4765625,-93272.2109375,1.53311312199,0.0005791836706625048,0.0032788002728285637,1.8228087170266598
8,163645072.203863,-25871.7421875,-93271.1953125,1.5305390358,0.00013886809859377144,0.001002497632363042,1.8318751522838166
9,163645072.403863,-25872.0351562,-93270.1171875,1.53131604195,0.00017584803852163585,-0.0002036173860930912,1.84079125113575
10,163645072.603863,-25872.3417969,-93269.046875,1.53062939644,0.00018238505683725026,0.00022936746846724532,1.8498063802067555
11,163645072.804863,-25872.6914062,-93267.890625,1.53199017048,0.00012004279701040724,-9.308187026646486e-05,1.8587235314685047
12,163645073.004862,-25873.0546875,-93266.71875,1.53358316422,0.00020216022627005947,-0.0002952719419468952,1.8680645292459384
13,163645073.204862,-25873.4316406,-93265.515625,1.53224909306,0.000359829563460522,0.0021652387630968217,1.876650264599894
14,163645073.403862,-25873.8359375,-93264.2578125,1.52674007416,6.76533151571584e-05,0.004072358598827597,1.8849119478067278
15,163645073.603862,-25874.2636719,-93262.96875,1.52164614201,-1.0590066351867523e-05,0.0028407563683732207,1.892515630228431
16,163645073.803862,-25874.7207031,-93261.6171875,1.51970887184,3.795455782707085e-05,0.0027600465244872474,1.899066928998902
17,163645074.004861,-25875.1738281,-93260.2734375,1.5130199194,0.00011650680200173529,0.003899878218011077,1.906205024463703
18,163645074.203861,-25875.6777344,-93258.8828125,1.50571525097,0.00018502772564213318,0.003853396577814472,1.913208103397494
19,163645074.403861,-25876.1796875,-93257.4609375,1.50102782249,0.000148467936018591,0.0028637899610348683,1.9197397674923324
20,163645074.603861,-25876.7128906,-93256.0,1.49849891663,2.3623457593653613e-05,0.0019618391654538936,1.9266191102209793
21,163645074.803861,-25877.2792969,-93254.5,1.49649524689,0.00016475766592157675,0.0020931796905303557,1.9338252975201458
22,163645075.003861,-25877.8789062,-93252.96875,1.49179947376,0.00015103686567395245,0.002655080572538715,1.9411011583155247
23,163645075.20386,-25878.4960938,-93251.3984375,1.48603534698,0.00022475111755065641,0.002851973656401441,1.9470545235039973
24,163645075.40486,-25879.1269531,-93249.796875,1.47934246063,0.00026151620543838407,0.0030699166985164172,1.9523528104062435
25,163645075.60386,-25879.7910156,-93248.1875,1.47440648079,0.00011301972216842875,0.0025306612798781103,1.959658497675973
26,163645075.80286,-25880.4902344,-93246.5078125,1.47054517269,0.00021345262170230215,0.0009706986409603324,1.9668369544165638
27,163645076.00386,-25881.2050781,-93244.8046875,1.47228825092,0.0002950216170865243,-8.765967896673388e-06,1.9739418177590087
28,163645076.203859,-25881.9433594,-93243.09375,1.46898925304,9.12357240047171e-05,0.001067713735597886,1.9794404975082682
29,163645076.403859,-25882.703125,-93241.34375,1.46524035931,0.0001739035495228811,0.0025402597173813657,1.9829395504343663
30,163645076.603859,-25883.4882812,-93239.5390625,1.46289491653,0.0003357978644055799,0.003871725805531856,1.9856053998312462
31,163645076.803859,-25884.2910156,-93237.71875,1.4507791996,0.0001592903339981574,0.0034568735870355027,1.9873568931176293
32,163645076.904859,-25884.7070312,-93236.796875,1.44568312168,0.0002182405748202587,0.00203245932985352,1.9871685615887802
33,163645077.003859,-25885.1191406,-93235.859375,1.44511461258,3.230071855253875e-05,0.0008778065822823145,1.98671728484065
34,163645077.103859,-25885.5410156,-93234.8984375,1.44460833073,8.628977969986605e-06,0.0009424975819056769,1.985492184892361
35,163645077.204858,-25885.9550781,-93233.9296875,1.44467484951,0.00016871765928319255,0.0012720082015442724,1.9844660716253681
36,163645077.303858,-25886.3808594,-93232.9765625,1.44591116905,0.0003033127538396369,0.0013574791640327266,1.9837345424478403
37,163645077.405858,-25886.8027344,-93231.9921875,1.44428145885,0.00013990400833286816,0.00106280906014522,1.9828563972736934
38,163645077.503858,-25887.234375,-93231.0234375,1.44213831425,-5.211271259067284e-05,0.0008899667454946858,1.9823696904096513
39,163645077.603858,-25887.6738281,-93230.0234375,1.44161295891,0.00019837676383193913,0.0007804827317292595,1.9813499778240586
40,163645077.703858,-25888.1152344,-93229.03125,1.44213211536,5.577739680296356e-06,0.0007198706245519215,1.9806327817807623
41,163645077.803858,-25888.5507812,-93227.9921875,1.44026327133,0.00010723880836261062,0.0014425396889843345,1.9791177885490332
42,163645077.903858,-25889.0019531,-93226.984375,1.4360537529,3.3074304158941627e-05,0.0024516883662815125,1.9781533277141539
43,163645078.004858,-25889.4550781,-93225.9375,1.43174219131,-7.825650517586127e-05,0.0031902817208329104,1.9762559669386377
44,163645078.104858,-25889.9023438,-93224.875,1.42836022377,-0.0001446918134871505,0.003485466814721061,1.9744823547075765
45,163645078.203857,-25890.3457031,-93223.8515625,1.42508029938,-0.00022897581941097486,0.0032712167282280546,1.973003609570398
46,163645078.304857,-25890.8027344,-93222.765625,1.42094790936,-0.0003093262136337443,0.0029342087735686473,1.9708969331725734
47,163645078.403857,-25891.2539062,-93221.6953125,1.41658723354,-0.0002790863276484677,0.003193488835986358,1.9691491352792099
48,163645078.504857,-25891.7128906,-93220.6015625,1.41013979912,-0.00033969054116739597,0.0027952110429534383,1.9675597921261472
49,163645078.603857,-25892.1757812,-93219.484375,1.41157817841,-0.00044837481568098367,0.0003316055156565856,1.9651103182164047
50,163645078.704857,-25892.6308594,-93218.3828125,1.40826559067,-0.0006380645068165087,0.001635351934982765,1.963349637559042
51,163645078.804857,-25893.0800781,-93217.2890625,1.40232372284,-0.00010966254663937688,0.008908030712250437,1.961069604357741
52,163645078.903857,-25893.5527344,-93216.1484375,1.38619327545,-0.00035077677137125763,0.013473119495184482,1.9596323588321785
53,163645079.003857,-25894.0175781,-93215.015625,1.37201750278,-0.00023489050779760385,0.007945670591696263,1.958503566248879
54,163645079.104857,-25894.4765625,-93213.875,1.3671374321,-0.0005623834456462037,-0.0002305118949863516,1.9565821353239012
55,163645079.204857,-25894.9453125,-93212.71875,1.36538636684,-0.00036225348520787555,-0.0009832199332839853,1.954169959909939
56,163645079.304856,-25895.40625,-93211.578125,1.36857557297,-0.0006243016987113458,0.0037962888548541684,1.9515368297975026
57,163645079.404856,-25895.8789062,-93210.3828125,1.36066377163,-0.0003691561383878715,0.0083846664724756,1.9497800242026546
58,163645079.503856,-25896.359375,-93209.203125,1.34340417385,-0.00013319724691320553,0.009911275017469467,1.9483894171643024
59,163645079.602856,-25896.828125,-93208.015625,1.3301910162,-0.00020349797194251065,0.010268399618069468,1.9473494383478145
60,163645079.702856,-25897.3085938,-93206.796875,1.31876575947,-0.00029360465177751894,0.010508949060916484,1.9461546658366722
61,163645079.801856,-25897.7949219,-93205.5859375,1.30453646183,9.594116745991694e-05,0.012051831463003815,1.9447102384825
62,163645079.901856,-25898.2695312,-93204.359375,1.28658246994,-0.00011707873257566757,0.01392190775104818,1.944275898619639
63,163645080.001856,-25898.7617188,-93203.125,1.262190938,-0.0008170158047504911,0.013989203725126353,1.9443062643617506
64,163645080.099856,-25899.2441406,-93201.8828125,1.24670684338,-0.0007746458865918636,0.014015164780682987,1.9441518597779024
65,163645080.199856,-25899.7363281,-93200.6015625,1.2229360342,-0.000736414365639942,0.015779362851328305,1.944393638813663
66,163645080.299855,-25900.2285156,-93199.375,1.19716000557,-0.0008542922945402394,0.019043977877778673,1.9444060421230005
67,163645080.399855,-25900.7285156,-93198.09375,1.16531634331,-0.0010796052087153776,0.022587878373668158,1.9437822030498746
68,163645080.505855,-25901.2324219,-93196.8046875,1.13162279129,-0.0008378330395137773,0.024560753316080097,1.9433886931144893
69,163645080.605855,-25901.7363281,-93195.5,1.10141265392,-0.00022790820335842607,0.024190332732225928,1.9434652777820396
70,163645080.707855,-25902.2480469,-93194.234375,1.05461370945,-0.00018268155921735864,0.023651798290046377,1.943985374348595
71,163645080.806855,-25902.7597656,-93192.9296875,1.01808989048,0.0005259443421297269,0.02538897748980995,1.9446553152713537
72,163645080.906855,-25903.2734375,-93191.609375,0.976058065891,0.0004190603287119137,0.028810802114636047,1.9461210300151486
73,163645081.005855,-25903.7910156,-93190.28125,0.937484562397,0.0003609569738231334,0.030481128251214296,1.9474525412606314
74,163645081.105855,-25904.3242188,-93188.9453125,0.895978391171,-3.902738861384307e-05,0.031261745357969106,1.9482000477925467
75,163645081.205855,-25904.8554688,-93187.6015625,0.853435993195,-0.0007571202844966322,0.032933550306007975,1.949646748041182
76,163645081.307855,-25905.390625,-93186.234375,0.809208810329,-0.00104541639181232,0.03494838549507717,1.951545803562045
77,163645081.405854,-25905.9492188,-93184.84375,0.75048148632,-0.0009124294860514749,0.03695719850483403,1.9532415911319227
78,163645081.506854,-25906.5,-93183.46875,0.700501918793,-0.00111168602138775,0.03712684295531199,1.9547218359421055
79,163645081.605854,-25907.0527344,-93182.1015625,0.641982972622,-9.918343618589998e-05,0.0355506232767131,1.956655106437004
80,163645081.706854,-25907.6132812,-93180.7109375,0.583046972752,0.0002658087217334342,0.03640019786808635,1.9587929069511139
81,163645081.805854,-25908.1914062,-93179.3203125,0.528476715088,-3.615208031430224e-05,0.04289154384083327,1.9610268371001198
82,163645081.905854,-25908.7597656,-93177.9296875,0.466905683279,0.0002738832234201172,0.04925973330390354,1.9639088978431678
83,163645082.007854,-25909.3417969,-93176.5234375,0.393053352833,-0.0006175216031548523,0.05118566043446071,1.9666867834715738
84,163645082.107854,-25909.9394531,-93175.09375,0.309403240681,-0.0008368203215895784,0.04982933095920572,1.9693033442451604
85,163645082.207854,-25910.5390625,-93173.671875,0.23891569674,-0.0009149008758791671,0.05043490097669889,1.971959877844068
86,163645082.307854,-25911.1484375,-93172.2578125,0.165158957243,-0.0019341786394238417,0.0532820833685026,1.9744125667965127
87,163645082.406853,-25911.765625,-93170.796875,0.0767254009843,-0.001145403864700525,0.057945106101599864,1.9768992527938651
88,163645082.507853,-25912.3867188,-93169.375,-0.0102493204176,-0.00046481658299916067,0.06141596648409431,1.9798862713075709
89,163645082.607853,-25913.0214844,-93167.890625,-0.112021192908,-0.0007286574040173669,0.05997575581014547,1.9833769643016985
90,163645082.707853,-25913.6640625,-93166.4296875,-0.211502924562,-0.00038284667554647726,0.05489049046062422,1.986484458547751
91,163645082.807853,-25914.3085938,-93164.9609375,-0.291126698256,-0.0026210354776569924,0.05404987096339742,1.9884263970764158
92,163645082.906853,-25914.953125,-93163.484375,-0.379969865084,-0.002452809018007154,0.058585056161648774,1.9904953348656793
93,163645083.006853,-25915.609375,-93162.0,-0.478671848774,-0.002259901813307021,0.05963435933284922,1.9924929993079847
94,163645083.105853,-25916.2753906,-93160.515625,-0.580154120922,-0.00029852314747043395,0.056235942147647267,1.9940976221795472
95,163645083.206853,-25916.9550781,-93159.015625,-0.671346664429,-0.0008224675537913705,0.05369668097353064,1.9946388598309104
96,163645083.305853,-25917.640625,-93157.5,-0.759123384953,-0.0013515461052712513,0.055201342342328985,1.995115225112731
97,163645083.406853,-25918.3359375,-93155.984375,-0.860518097878,0.000803498542580982,0.05829426501352275,1.9959265982223702
98,163645083.505852,-25919.0117188,-93154.484375,-0.958523094654,-0.000259532379379927,0.059907291100288695,1.9973619810705168
99,163645083.606852,-25919.6992188,-93152.96875,-1.05828547478,-0.00047277283822918793,0.06099848763807536,1.998817948662127
100,163645083.706852,-25920.3984375,-93151.4375,-1.16300737858,-0.0009237197306661102,0.06205525239271026,2.0003698290783802
101,163645083.806852,-25921.1074219,-93149.90625,-1.26894652843,-0.00041354808225038014,0.062035178941761915,2.0020842909545045
102,163645083.906852,-25921.7910156,-93148.421875,-1.37127423286,-0.0007890267132156539,0.06047606230338154,2.003908034773536
103,163645084.006852,-25922.4902344,-93146.9140625,-1.45876765251,-0.003309001281723222,0.05941242580942263,2.004930340927705
104,163645084.105852,-25923.1855469,-93145.4140625,-1.55504798889,-0.0035697457476564806,0.058246057110139304,2.0055597314204094
105,163645084.205852,-25923.8945312,-93143.890625,-1.64973020554,-0.004850354892113961,0.0585252648664476,2.006393716833328
106,163645084.305852,-25924.5859375,-93142.390625,-1.73990833759,-0.0073638284490119355,0.059535620217840535,2.007189543313414
107,163645084.406852,-25925.2910156,-93140.8671875,-1.84218978882,-0.009251200936481907,0.06084107794816496,2.008495119556404
108,163645084.506851,-25926.0078125,-93139.3515625,-1.95567262173,-0.008266461699569376,0.06347273671836073,2.0096616443374287
109,163645084.605851,-25926.6914062,-93137.90625,-2.05627465248,-0.006637025093234295,0.06285430371743628,2.011224343528474
110,163645084.705851,-25927.4101562,-93136.3984375,-2.16345047951,-0.00466183100751938,0.06142663013924654,2.012468936979399
111,163645084.804851,-25928.1152344,-93134.9140625,-2.26158714294,-0.003913379885736522,0.05901428613500603,2.0137931422051634
112,163645084.905851,-25928.8144531,-93133.4453125,-2.35326242447,-0.004594199945223972,0.05864718677545411,2.0143469324798198
113,163645085.006851,-25929.5097656,-93131.9921875,-2.45547246933,-0.003116044219547015,0.06026435077657322,2.014206152866196
114,163645085.106851,-25930.2402344,-93130.453125,-2.5608997345,-0.003150156288787021,0.062292647570326265,2.0137296261946385
115,163645085.204851,-25930.9394531,-93128.96875,-2.65797328949,-0.004851468608937342,0.06318357272657349,2.014061152945751
116,163645085.306851,-25931.7109375,-93127.34375,-2.77327609062,-0.004446778350856484,0.060142011895397696,2.0146772811526437
117,163645085.406851,-25932.3945312,-93125.890625,-2.86328291893,-0.005014695457858783,0.057286154817661084,2.0154689013468983
118,163645085.505851,-25933.1367188,-93124.3359375,-2.96282362938,-0.005790102734915027,0.056880985933734696,2.015636404091507
119,163645085.60685,-25933.8398438,-93122.8515625,-3.05647706985,-0.006133869265567641,0.05693193516889217,2.0150801788749253
120,163645085.70685,-25934.5507812,-93121.359375,-3.14951229095,-0.004942980782659093,0.05690589471115248,2.014151625278462
121,163645085.80685,-25935.2714844,-93119.84375,-3.24865293503,-0.003551072688139808,0.05801233882474954,2.0127407982085037
122,163645085.90685,-25935.9941406,-93118.3203125,-3.34680318832,-0.0035087227921102994,0.0583763824000052,2.011398932287886
123,163645086.00685,-25936.6992188,-93116.8125,-3.44011497498,-0.0031444280671407625,0.05692203394897266,2.0101563463940346
124,163645086.10585,-25937.4296875,-93115.25,-3.53552365303,-0.0033272223172212,0.05448098477229957,2.008671901161551
125,163645086.20685,-25938.1523438,-93113.71875,-3.62619161606,-0.002975703403485851,0.049828705647746885,2.006866576283996
126,163645086.30685,-25938.84375,-93112.2265625,-3.70365476608,-0.003695662249274017,0.04600200440128965,2.005338766893207
127,163645086.40785,-25939.5488281,-93110.703125,-3.77710771561,-0.0040723010101536925,0.04480995873461846,2.003508897038687
128,163645086.50585,-25940.2734375,-93109.140625,-3.85385775566,-0.003697027734609165,0.04520096783548122,2.0016678763618403
129,163645086.606849,-25940.9648438,-93107.625,-3.929489851,-0.004292747010864653,0.04541600362658205,1.9996694368365626
130,163645086.706849,-25941.6640625,-93106.078125,-4.00426721573,-0.0056186463800389375,0.044368883294829686,1.997372962055973
131,163645086.805849,-25942.3378906,-93104.6015625,-4.07681798935,-0.004440412977093708,0.042659839709616065,1.9948646466704316
132,163645086.906849,-25943.0390625,-93103.0546875,-4.15165138245,-0.003588700084601962,0.04359826798366173,1.9929707702081236
133,163645087.005849,-25943.7167969,-93101.5390625,-4.22618722916,-0.004506148667598717,0.04404867249121236,1.9921299422240182
134,163645087.105849,-25944.4179688,-93099.9765625,-4.29643821716,-0.0036744022202827836,0.03920862060062791,1.991288203243574
135,163645087.206849,-25945.0664062,-93098.53125,-4.35064840317,-0.00326085794404633,0.03339713454219395,1.9898554596039062
136,163645087.307849,-25945.7753906,-93096.9453125,-4.40560483932,-0.004013318637366902,0.032250091399417036,1.9885673844965968
137,163645087.406849,-25946.4179688,-93095.484375,-4.46025657654,-0.003925163859591059,0.03412624868589176,1.987621852231775
138,163645087.505849,-25947.1210938,-93093.8984375,-4.51581335068,-0.0042027803513525605,0.03383432545786125,1.9870893526783415
139,163645087.605849,-25947.78125,-93092.421875,-4.57274150848,-0.0026168393375911184,0.03168501680612401,1.9874580117777998
140,163645087.705848,-25948.4570312,-93090.8984375,-4.62232398987,-0.003450130752504421,0.029132854564949184,1.9880382996435648
141,163645087.805848,-25949.125,-93089.3828125,-4.66742277145,-0.0030311086950713536,0.027925294257024724,1.988849852376209
142,163645087.906848,-25949.8066406,-93087.8515625,-4.71701812744,-0.0030506638544561156,0.02831482073000502,1.98970104871922
143,163645088.006848,-25950.4882812,-93086.328125,-4.76163387299,-0.0027551613833339756,0.027840620209099498,1.9902317921959087
144,163645088.106848,-25951.1328125,-93084.875,-4.80633211136,-0.002396753020715528,0.026819473192955634,1.9908277309093132
145,163645088.205848,-25951.8476562,-93083.2890625,-4.85261058807,-0.001727335575879092,0.025346673431786648,1.9916802957323119
146,163645088.306848,-25952.515625,-93081.796875,-4.89316320419,-0.002405479443443816,0.023731117090662,1.9927141773709711
147,163645088.406848,-25953.1992188,-93080.28125,-4.93301773071,-0.0017121936550596442,0.023182900223387426,1.9936983113837112
148,163645088.503848,-25953.8925781,-93078.7421875,-4.97338199615,-0.0017669686252820473,0.02506314961566236,1.9940602401707799
149,163645088.603848,-25954.5800781,-93077.21875,-5.0160651207,-0.0005324943949812772,0.026783074753200076,1.9942758394354312
150,163645088.703847,-25955.2753906,-93075.671875,-5.06139469147,-0.0009114453123125421,0.026885781660575425,1.994512040485673
151,163645088.803847,-25955.9707031,-93074.125,-5.10647583008,-0.0011915624729505589,0.02544556542098597,1.9943849509842229
152,163645088.904847,-25956.65625,-93072.6015625,-5.14776945114,-0.002167217820090102,0.02398243522175858,1.994227327729818
153,163645089.003847,-25957.3339844,-93071.109375,-5.18642234802,-0.0021354307013978745,0.024767908203715105,1.9937679708050327
154,163645089.203847,-25958.6914062,-93068.0703125,-5.27399015427,-0.0007463477600098583,0.028524030811150514,1.9926662680052722
155,163645089.303847,-25959.3671875,-93066.546875,-5.32377243042,-0.0009468232899444252,0.02678299060130418,1.9924580975107966
156,163645089.404847,-25960.0449219,-93065.03125,-5.36603689194,-0.0008994537747729417,0.025450358169703424,1.9922839766127982
157,163645089.503847,-25960.7226562,-93063.515625,-5.41007661819,-0.0009331766227495202,0.02613153166025839,1.9919625593726746
158,163645089.604847,-25961.3984375,-93062.0,-5.45620727539,-0.0013735186983417835,0.02800404020867875,1.991785707215879
159,163645089.703847,-25962.0742188,-93060.46875,-5.50298547745,-0.0012958389562422294,0.028142479904899487,1.9919578061703123
160,163645089.802846,-25962.7558594,-93058.9453125,-5.54661750793,-0.0010828237992993076,0.025606519043739784,1.992619583199641
161,163645089.904846,-25963.4414062,-93057.4296875,-5.58646440506,-0.0005261136829037597,0.02209955421093257,1.992958979214476
162,163645090.003846,-25964.1230469,-93055.90625,-5.62023305893,-0.00020428863387605777,0.0215325703885636,1.993051202863972
163,163645090.104846,-25964.8007812,-93054.3828125,-5.65972757339,-0.0006656155687039245,0.023641595423975925,1.9926759015379425
164,163645090.204846,-25965.4804688,-93052.8671875,-5.69889593124,-0.0004929452762401283,0.024096280713181706,1.992873314726568
165,163645090.303846,-25966.1601562,-93051.3515625,-5.73727369308,-0.0003073324027424083,0.022232023626443054,1.9936391568364282
166,163645090.404846,-25966.8476562,-93049.8203125,-5.77339363098,-0.00014968116384367884,0.019786873646804315,1.9943649361701181
167,163645090.504846,-25967.53125,-93048.3046875,-5.80471849442,-0.00015355562243607072,0.020118456535674012,1.9947127515622942
168,163645090.604846,-25968.21875,-93046.7890625,-5.84120416641,-0.0002712470899501851,0.021484929405948705,1.9954591575172034
169,163645090.704846,-25968.9042969,-93045.265625,-5.87519931793,-0.0002821233504542509,0.022001003622268867,1.9970599708190309
170,163645090.803845,-25969.6015625,-93043.7578125,-5.91510248184,-0.0005876671653985873,0.021664841730214768,1.9994227773491542
171,163645090.904845,-25970.2949219,-93042.2421875,-5.94930028915,-0.0005654995505792323,0.019936032023667893,2.0023926029313714
172,163645091.003845,-25970.984375,-93040.7421875,-5.98039007187,-0.00048430957565502255,0.018525348814572462,2.0056665166562735
173,163645091.103845,-25971.6757812,-93039.25,-6.00941085815,-0.00033170537587972525,0.01863480497419001,2.0094843132682767
174,163645091.203845,-25972.3808594,-93037.765625,-6.03878164291,-0.00035452907249286845,0.018494423807470017,2.0142804908063385
175,163645091.304845,-25973.0996094,-93036.2578125,-6.07205104828,-0.0006264254467849524,0.014746402592899166,2.0192849433616247
176,163645091.403845,-25973.8242188,-93034.7734375,-6.08738851547,-0.00032592591465244284,0.010019527412335583,2.024384575762073
177,163645091.503845,-25974.5683594,-93033.265625,-6.09925460815,-0.00020188258569685605,0.00667869163848378,2.029214985899275
178,163645091.603845,-25975.3027344,-93031.78125,-6.11033964157,-0.00013559901989761635,0.007446681231633612,2.0342605950244117
179,163645091.704845,-25976.0605469,-93030.296875,-6.12055921555,-0.00010532864163792707,0.009277269121702236,2.03906871295765
180,163645091.803845,-25976.8164062,-93028.8125,-6.14249420166,2.808720468604842e-05,0.012495926054065132,2.043911402583987
181,163645091.903844,-25977.5742188,-93027.328125,-6.15994262695,0.00035974942615101804,0.010435641725227152,2.0483214088947617
182,163645092.003844,-25978.3417969,-93025.859375,-6.17146444321,0.00012797701872438135,0.003509927359108156,2.0522688629861348
183,163645092.104844,-25979.1074219,-93024.3984375,-6.17676258087,-5.839081511447154e-05,-0.0019338897051439652,2.0562720409275625
184,163645092.205844,-25979.8945312,-93022.921875,-6.17150640488,-0.00027451883728841185,-0.0013961264369724002,2.0600793547909797
185,163645092.303844,-25980.6796875,-93021.453125,-6.17116308212,-0.0004924394921232391,0.0019157912145020273,2.0634079650815944
186,163645092.405844,-25981.4726562,-93019.9765625,-6.17569351196,-0.0001615046101073703,0.0033641723017794334,2.0669281003407463
187,163645092.504844,-25982.2675781,-93018.515625,-6.1806306839,-0.00012097127305459836,0.0015764776929523272,2.0704882072434296
188,163645092.604844,-25983.0546875,-93017.0625,-6.17792367935,-0.00041016040395261833,-0.002038888783735704,2.0735822034789986
189,163645092.705844,-25983.8769531,-93015.59375,-6.18072557449,-0.00042696518416541335,-0.003364923242516138,2.0760690214031783
190,163645092.804844,-25984.6875,-93014.1328125,-6.1751332283,-0.0007322718367187151,-0.0036186563184834597,2.0781988023084503
191,163645092.904843,-25985.4980469,-93012.703125,-6.16881895065,-0.0009846347468082648,-0.0032728332673803706,2.0803930548752576
192,163645093.004843,-25986.3183594,-93011.265625,-6.16480541229,-0.001226355534823851,-0.00354630624834118,2.08217416025518
193,163645093.104843,-25987.1289062,-93009.84375,-6.15740680695,-0.001208971631747224,-0.004210364709610337,2.0848402727059985
194,163645093.204843,-25987.9648438,-93008.375,-6.15036916733,-0.0011707288105342317,-0.0048647934947372296,2.087967145901569
195,163645093.304843,-25988.7851562,-93006.921875,-6.14451217651,-0.0030019925833266446,-0.005340104666242684,2.0898025611361675
196,163645093.404843,-25989.6152344,-93005.4765625,-6.13224840164,-0.0047990526234734324,-0.005758334631374318,2.0904924469626707
197,163645093.504843,-25990.4589844,-93004.0078125,-6.12338781357,-0.0029015973412056663,-0.0057054623397008175,2.091865570053592
198,163645093.603843,-25991.2832031,-93002.5859375,-6.11222267151,-0.003104886731242208,-0.0046381793718837105,2.093150562796875
199,163645093.703843,-25992.1210938,-93001.1328125,-6.10710048676,-0.003574309989712476,-0.003520309140428779,2.093624283012407
200,163645093.803843,-25992.953125,-92999.6875,-6.10252428055,-0.003487772328890531,-0.0032532339697231016,2.093983038060364
201,163645093.900843,-25993.7832031,-92998.25,-6.09859752655,-0.003528676000289676,-0.003908568286208114,2.0940497146939117
202,163645094.000842,-25994.5976562,-92996.8203125,-6.09003543854,-0.0049857142595800515,-0.004558744797691805,2.094667925888035
203,163645094.100842,-25995.4296875,-92995.3828125,-6.08195114136,-0.004714114927978991,-0.004201422464724658,2.0956505823331124
204,163645094.200842,-25996.2851562,-92993.90625,-6.07971191406,-0.0028303772981491332,-0.0033256665564831422,2.097073694474119
205,163645094.300842,-25997.140625,-92992.46875,-6.07582616806,-0.0017653359652053176,-0.0022069409234946047,2.098031659882659
206,163645094.400842,-25997.9765625,-92991.0234375,-6.07298660278,-0.002412768432117958,-0.0024839953291397876,2.0995301275280878
207,163645094.500842,-25998.7988281,-92989.59375,-6.06992292404,-0.0021001023511892504,-0.0036757408692293936,2.1018074885280567
208,163645094.600842,-25999.6171875,-92988.203125,-6.06506156921,-0.0008553446724302509,-0.00446976162600099,2.103044705118979
209,163645094.699842,-26000.4394531,-92986.7890625,-6.05449056625,-0.0036808307406012647,-0.0045255637006611504,2.1039564911051123
210,163645094.801842,-26001.3242188,-92985.3046875,-6.04577207565,-0.0035859673957108662,-0.003890965946867775,2.1045833195764865
211,163645094.900842,-26002.1738281,-92983.8828125,-6.04520750046,-0.0028590926187223665,-0.003115500058717302,2.1056711544530353
212,163645094.999841,-26003.140625,-92982.2578125,-6.0404458046,-0.0014458085855120603,-0.0023049603251641404,2.1066972164128184
213,163645095.100841,-26003.6132812,-92981.4375,-6.03439569473,-0.003461882611389571,-0.0023329961551050715,2.107234920041911
214,163645095.200841,-26005.0976562,-92978.953125,-6.03111600876,-0.003454257436618646,-0.002985101946558988,2.1075090377266714
215,163645095.300841,-26005.609375,-92978.09375,-6.02641057968,-0.004084440967342765,-0.003463116906112118,2.1076057013688243
216,163645095.400841,-26006.3066406,-92976.921875,-6.02445554733,-0.003167515305120664,-0.003327855933550783,2.1077100021506174
217,163645095.501841,-26007.3984375,-92975.09375,-6.01876831055,-0.0017134025841828255,-0.002824698547022386,2.1084327296577396
218,163645095.600841,-26008.4609375,-92973.3046875,-6.01079702377,-0.002132152816246339,-0.0024532599351247963,2.1088428985469916
219,163645095.701841,-26009.2539062,-92971.984375,-6.0088186264,-0.0015742343124187195,-0.002743716499833626,2.1093646332219813
220,163645095.801841,-26010.1875,-92970.4140625,-6.00238800049,-0.002478542106520627,-0.0034712086857595637,2.109517072513124
221,163645095.900841,-26010.6347656,-92969.671875,-6.00184965134,-0.00030941155665642977,-0.0037341497408032165,2.109137568622532
222,163645096.00084,-26011.5136719,-92968.1953125,-5.99422454834,-0.0003202615104292498,-0.0036607807244939394,2.109033499493919
223,163645096.10084,-26012.5683594,-92966.4296875,-5.98772621155,-0.0011630628079730121,-0.003031732637054585,2.1087339156242284
224,163645096.20184,-26013.5527344,-92964.78125,-5.97834730148,-0.0021390701980645004,-0.0022972085783843355,2.1087908795140478
225,163645096.30184,-26014.2949219,-92963.5390625,-5.97688245773,-0.0009590813984523605,-0.002109297600487725,2.1094165470154085
226,163645096.39984,-26015.3378906,-92961.796875,-5.97047424316,8.34847605568029e-05,-0.003156634632506039,2.1097175740820036
227,163645096.50184,-26016.1425781,-92960.453125,-5.9649553299,0.0007045970516682072,-0.0031704688514746504,2.1098399859824957
228,163645096.60084,-26016.2226562,-92960.3125,-5.96606016159,-2.3573241399740088e-05,-0.00228740679121886,2.1101028412712526
229,163645096.70084,-26017.5117188,-92958.1640625,-5.96185016632,0.00029151755793452105,-0.0022186487658459875,2.1105315439995893
230,163645096.80184,-26018.4609375,-92956.578125,-5.95728635788,0.00010667047293668436,-0.0024023946134432705,2.111426815194448
231,163645096.90184,-26019.3300781,-92955.1328125,-5.95046520233,0.0002107316506781586,-0.0031613064019482273,2.1122983715358727
232,163645097.00184,-26020.4023438,-92953.34375,-5.94037485123,-0.001318955415133361,-0.003439924963867913,2.1127334630622103
233,163645097.101839,-26021.0976562,-92952.203125,-5.93496513367,0.0011644660827046993,-0.0031768816823234403,2.1129765366401836
234,163645097.200839,-26022.1484375,-92950.46875,-5.93701934814,0.0023735635431791926,-0.002563781771236062,2.113601717575823
235,163645097.299839,-26022.2929688,-92950.2265625,-5.93347597122,0.0008733366645088884,-0.0015469520765922784,2.1146695504377666
236,163645097.400839,-26023.6152344,-92948.03125,-5.92818498611,0.0006560420082444522,-0.0014030516663319226,2.115905663974216
237,163645097.501839,-26024.8261719,-92946.03125,-5.92285680771,0.0004546675070902388,-0.0029326273777534606,2.1164904336051498
238,163645097.601839,-26025.3671875,-92945.1328125,-5.91047763824,-0.0020270200097541806,-0.0038602657819997166,2.116873429143059
239,163645097.701839,-26026.2304688,-92943.703125,-5.90843057632,-0.0019899726932664915,-0.0037199771875504606,2.117081546384326
240,163645097.801839,-26026.9960938,-92942.46875,-5.90406656265,-0.0016958843754624924,-0.0030472507988577036,2.1173099998112104
241,163645097.900839,-26027.6621094,-92941.3671875,-5.90452718735,-0.0010807695872919634,-0.0024457090998097897,2.1171501749492423
242,163645098.001839,-26029.2617188,-92938.71875,-5.89811515808,-6.23323217353803e-05,-0.002082805247841435,2.116361623732143
243,163645098.101839,-26029.4453125,-92938.421875,-5.89443397522,-0.0014080607409930022,-0.0016543305872187553,2.1153941689158984
244,163645098.201838,-26030.4511719,-92936.765625,-5.88420963287,-0.000928243714336643,-0.001219204901935278,2.114081822512419
245,163645098.301838,-26031.4121094,-92935.1640625,-5.88693284988,-0.0008276674058732426,-0.002054078348169952,2.112959679569644
246,163645098.400838,-26032.4277344,-92933.4765625,-5.8763923645,-0.002219081058076107,-0.0026610673109803695,2.111759357037934
247,163645098.501838,-26033.4296875,-92931.796875,-5.87286043167,-0.0021241416769775174,-0.002952704330267286,2.1105584404166704
248,163645098.601838,-26033.8984375,-92931.015625,-5.8708691597,-0.002648094712438987,-0.0027156808056916226,2.1097429257850013
249,163645098.700838,-26034.4355469,-92930.125,-5.86642217636,-0.0032793801555333,-0.0027435186088551333,2.1088333036470437
250,163645098.801838,-26035.5292969,-92928.296875,-5.86360120773,-0.0009757388922921518,-0.002874133074876717,2.1077665607972693
251,163645098.901838,-26036.5,-92926.6484375,-5.85434484482,-0.002794305703055833,-0.0030830879861409866,2.1064829996244065
252,163645099.002838,-26037.546875,-92924.875,-5.84695100784,-0.0038256785508899143,-0.0029240405198147634,2.1054817567851325
253,163645099.100838,-26038.5117188,-92923.2421875,-5.8430352211,-0.002381946815826456,-0.003331394926853193,2.1045033265070363
254,163645099.201837,-26039.4277344,-92921.6875,-5.83530712128,-0.002514038453023336,-0.004226995333746153,2.104064456525028
255,163645099.301837,-26039.9589844,-92920.7890625,-5.82829475403,-0.004779940661927503,-0.0036522146368289654,2.104218080069016
256,163645099.401837,-26040.4296875,-92919.9921875,-5.8254070282,-0.005869421456215711,-0.0015109736447138644,2.1043818537050196
257,163645099.500837,-26041.7871094,-92917.6796875,-5.81805992126,-0.004572569204797079,-0.0009614695369468684,2.102959516215051
258,163645099.600837,-26042.5019531,-92916.46875,-5.81713962555,-0.004525179758090005,-0.002719454695274459,2.102965663568164
259,163645099.702837,-26043.3496094,-92915.0390625,-5.81297540665,-0.003535392569668699,-0.004723497918796227,2.1026212559648862
260,163645099.801837,-26044.3984375,-92913.2265625,-5.79981660843,-0.0016651294962431833,-0.005559372866459356,2.1008307100323336
261,163645099.902837,-26044.8300781,-92912.5625,-5.79622173309,-0.004087269813385312,-0.005069824137407419,2.102528014862372
262,163645100.002837,-26045.7851562,-92910.921875,-5.78537368774,-0.004535830459158463,-0.005272638350941827,2.1008930635733556
263,163645100.101837,-26046.6933594,-92909.3515625,-5.77807617188,-0.0034793588190117778,-0.005002695400518897,2.099533634053358
264,163645100.201836,-26047.5507812,-92907.8671875,-5.76746702194,-0.0037216729979063796,-0.004653186468936532,2.0979230974866976
265,163645100.301836,-26048.3105469,-92906.5625,-5.75827550888,-0.005891545694966386,-0.004214655336932216,2.096963793350911
266,163645100.401836,-26049.3417969,-92904.7109375,-5.74659585953,-0.0048162148198189,-0.004908992057966577,2.0938545812450715
267,163645100.501836,-26049.9628906,-92903.703125,-5.7409620285,-0.0036712662521512754,-0.006092413566191279,2.0936429670005916
268,163645100.602836,-26050.7402344,-92902.3671875,-5.73345375061,-0.004332111929875194,-0.007148238420479069,2.091279357522076
269,163645100.701836,-26051.6953125,-92900.640625,-5.71407604218,-0.004269139491816943,-0.0077090297584556655,2.086832918828581
270,163645100.801836,-26052.5097656,-92899.203125,-5.69917964935,-0.003271535918074367,-0.007251848511331982,2.0830191410515826
271,163645100.901836,-26053.3261719,-92897.7265625,-5.68981075287,-0.005913805071971176,-0.0064753798397469975,2.0781370215870805
272,163645101.000836,-26054.0019531,-92896.546875,-5.67941474915,-0.006448387856183479,-0.00662024282368634,2.0744390251133855
273,163645101.100836,-26055.0253906,-92894.6015625,-5.65632820129,-0.005505197465103954,-0.008133279281703043,2.066870478649418
274,163645101.200836,-26055.7324219,-92893.328125,-5.64967918396,-0.003707426961938841,-0.008982257353125966,2.062314667908991
275,163645101.300835,-26056.4570312,-92891.9921875,-5.63845014572,-0.004320512267330934,-0.008570057862453684,2.0567648983822817
276,163645101.401835,-26057.2402344,-92890.46875,-5.62538051605,-0.00535597829692236,-0.007755735648817819,2.0496986202273106
277,163645101.500835,-26058.1992188,-92888.5390625,-5.60289716721,-0.0047956744088806956,-0.007854504323340006,2.0395369330000506
278,163645101.600835,-26058.78125,-92887.421875,-5.59615182877,-0.006658791698366141,-0.008525097773281809,2.0329439771161746
279,163645101.700835,-26059.5351562,-92885.921875,-5.57940769196,-0.004921411380700219,-0.010027292262302145,2.023929781466407
280,163645101.801835,-26060.2128906,-92884.546875,-5.56338453293,-0.003909531759530991,-0.012174353666374538,2.015692054527409
281,163645101.901835,-26060.9980469,-92882.90625,-5.53560972214,-0.0004276633500244853,-0.018124794718412884,2.006049871281259
282,163645102.000835,-26061.75,-92881.2578125,-5.49478006363,0.0006646862459883936,-0.024773616408108268,1.9962331950851466
283,163645102.101835,-26062.3828125,-92879.8984375,-5.4578795433,0.0007340804242913393,-0.028180515116594362,1.986901524309367
284,163645102.200835,-26063.0019531,-92878.4765625,-5.40812969208,0.00043063679962711,-0.027694467250502397,1.9769738098561895
285,163645102.300835,-26063.6699219,-92876.8515625,-5.36287117004,0.001382667226340889,-0.026766287319588633,1.9646709485383018
286,163645102.400834,-26064.2929688,-92875.296875,-5.31251144409,0.0005807277551607606,-0.026550035247094206,1.9532580621447364
287,163645102.500834,-26064.8730469,-92873.8046875,-5.26851415634,5.0568085562563085e-05,-0.02690541711425376,1.9421950538353363
288,163645102.601834,-26065.5,-92872.171875,-5.22351312637,0.0020731223423744384,-0.028183595693770824,1.93093137295635
289,163645102.701834,-26066.1621094,-92870.359375,-5.14459228516,-0.0015262364409632928,-0.03452731667234721,1.918647028800569
290,163645102.801834,-26066.6757812,-92868.8984375,-5.07972240448,-0.0030347463963214735,-0.04199737482319432,1.908617548037255
291,163645102.900834,-26067.1660156,-92867.515625,-5.01652288437,-0.000943498198359172,-0.04523350159860429,1.898339028079838
292,163645103.100834,-26068.2890625,-92864.046875,-4.85181903839,-0.00334476358293512,-0.04272821560431028,1.874494163597521
293,163645103.200834,-26068.6992188,-92862.75,-4.79194021225,-0.0021071840151519286,-0.045446234141386155,1.8655971877759234
294,163645103.301834,-26069.1738281,-92861.1875,-4.71426534653,0.0005286730714871477,-0.05122972775134205,1.8547253989669408
295,163645103.401833,-26069.6933594,-92859.3515625,-4.61375761032,0.00048693086826117,-0.05576266121919349,1.8420936482155637
296,163645103.501833,-26070.1367188,-92857.7109375,-4.51818847656,0.000245453292789549,-0.05600245167960649,1.8301556614264003
297,163645103.601833,-26070.4570312,-92856.4921875,-4.44752168655,0.0006566925192793823,-0.05387760265609187,1.8208629192762327
298,163645103.700833,-26070.875,-92854.796875,-4.35617399216,0.0006124949486614709,-0.053850626320510075,1.809090006937687
299,163645103.800833,-26071.2539062,-92853.203125,-4.26407527924,0.00043442349823581786,-0.05572195879895969,1.7981427902423341
300,163645103.900833,-26071.6328125,-92851.515625,-4.16480493546,0.00040881676672697076,-0.05731922670404099,1.786456804295583
301,163645104.001833,-26071.9746094,-92849.9140625,-4.06748056412,-0.0007779538295613673,-0.05847740702142423,1.7750313469645584
302,163645104.101833,-26072.3105469,-92848.2421875,-3.9660153389,0.00023806249516159235,-0.058901673356519746,1.7634012486065977
303,163645104.200833,-26072.6152344,-92846.6171875,-3.87078332901,0.0011080391165760436,-0.059125436457134306,1.7523050192679601
304,163645104.301833,-26072.9003906,-92844.984375,-3.76865005493,0.0005418117436468686,-0.059148531779018576,1.7416805596123275
305,163645104.401832,-26073.171875,-92843.3671875,-3.67454504967,0.00020179440017384335,-0.058527370686723756,1.7321175940391973
306,163645104.500832,-26073.4355469,-92841.7265625,-3.57613396645,0.00040464269189735086,-0.057580394057599626,1.72359521361955
307,163645104.601832,-26073.6894531,-92840.0703125,-3.48457074165,0.002265798195093227,-0.05583292590765421,1.715932300259218
308,163645104.801832,-26074.1503906,-92836.71875,-3.2960999012,0.0014759378069967048,-0.054342750681126706,1.7012790093596768
309,163645104.901832,-26074.359375,-92835.0703125,-3.20286607742,0.0006509617680471272,-0.05451625865837473,1.6940636212240932
310,163645105.001832,-26074.5527344,-92833.4296875,-3.1171643734,0.0007566817595484138,-0.055234269305829864,1.6878830698775362
311,163645105.101832,-26074.7441406,-92831.8046875,-3.01955294609,0.0011426762283238345,-0.057801927463138725,1.681820415222188
312,163645105.201832,-26074.9160156,-92830.15625,-2.92206788063,0.0003139084042199315,-0.060570976352863015,1.676489490763822
313,163645105.301832,-26075.0917969,-92828.4296875,-2.80874943733,0.00034975298570940705,-0.0623811108045953,1.6710497164589622
314,163645105.401832,-26075.2636719,-92826.7421875,-2.70648527145,0.0011275669531684623,-0.06243816814987868,1.6655398001779211
315,163645105.501831,-26075.4121094,-92825.1015625,-2.60383653641,0.00083995234185815,-0.06048352354062203,1.6604293301070345
316,163645105.601831,-26075.5546875,-92823.4609375,-2.50850200653,0.0016464079690873311,-0.05920774270873941,1.6560874818153861
317,163645105.701831,-26075.6933594,-92821.8125,-2.41165161133,0.0013801926320482817,-0.05981560889010029,1.6521193110172234
318,163645105.802831,-26075.8261719,-92820.15625,-2.31085848808,0.001034318712706311,-0.05880503630583722,1.6479446913068274
319,163645105.901831,-26075.9511719,-92818.484375,-2.21844291687,0.0018024146398147596,-0.055291434101322645,1.643138893489492
320,163645106.001831,-26076.0703125,-92816.796875,-2.13106250763,0.0015419670310817095,-0.05105518959381028,1.637901975532711
321,163645106.101831,-26076.1679688,-92815.109375,-2.0450937748,0.0012644325762373215,-0.05103971636304672,1.6327755207934966
322,163645106.201831,-26076.2597656,-92813.5,-1.96020054817,0.0013734596183629785,-0.05400831073692269,1.6276424282823
323,163645106.301831,-26076.3554688,-92811.796875,-1.85961210728,0.001720684279010287,-0.056753700820990405,1.6220785766395271
324,163645106.401831,-26076.4453125,-92810.15625,-1.76439762115,0.002227901542773563,-0.05934222450325599,1.6165751294918023
325,163645106.50183,-26076.5136719,-92808.515625,-1.66690266132,0.0023258875686925106,-0.05997040605244819,1.6109027257719721
326,163645106.60183,-26076.5800781,-92806.8125,-1.56191945076,0.002093182418626973,-0.05762912947101717,1.6053019813088123
327,163645106.70283,-26076.6308594,-92805.09375,-1.46790862083,0.0015620311480865944,-0.053530870921905116,1.6008481880962913
328,163645106.80183,-26076.6777344,-92803.34375,-1.37535107136,0.0015793735064857275,-0.05319334452961688,1.5974248610856296
329,163645106.90183,-26076.7109375,-92801.7109375,-1.28666961193,0.0011009418374030016,-0.05608672235392742,1.5951464211937418
330,163645107.00183,-26076.75,-92800.1875,-1.2012103796,0.0008621618722109588,-0.05523287095830942,1.5930686820121187
331,163645107.10183,-26076.7910156,-92798.4921875,-1.1088385582,0.0015750454342119303,-0.05324337392874012,1.5910035867264056
332,163645107.20183,-26076.8164062,-92796.7890625,-1.0202101469,0.000817880030044873,-0.05384079313544987,1.5887582472556525
333,163645107.30083,-26076.8457031,-92795.078125,-0.926993489265,0.0019466737968597929,-0.05654738432496531,1.5867211416839508
334,163645107.40083,-26076.8691406,-92793.375,-0.834445595741,0.0019717549126706236,-0.05696476027061825,1.5845478696230735
335,163645107.50083,-26076.8886719,-92791.734375,-0.736880242825,0.002014460054008133,-0.055026263198137526,1.5817568229722734
336,163645107.601829,-26076.9121094,-92790.109375,-0.648603141308,0.00233465105852968,-0.05300598712785565,1.5792067858668444
337,163645107.700829,-26076.9238281,-92788.453125,-0.560402095318,0.0016597252270143623,-0.053677778059207926,1.5769189040467038
338,163645107.801829,-26076.9199219,-92786.7890625,-0.474178701639,0.0014026745282128754,-0.05014664755156484,1.5748932932635127
339,163645107.900829,-26076.9257812,-92785.078125,-0.393824785948,0.0016809898335975644,-0.04388374997140598,1.5753863149731024
340,163645108.001829,-26076.9355469,-92783.40625,-0.319535195827,0.001522775668676225,-0.0441226402820718,1.5769063873467368
341,163645108.100829,-26076.9453125,-92781.7734375,-0.247281342745,0.0019562622428765837,-0.04515122002326977,1.5773306962684206
342,163645108.201829,-26076.9628906,-92780.1484375,-0.178288370371,0.0021060540108751445,-0.041268107916858865,1.577790190594945
343,163645108.300829,-26076.9765625,-92778.453125,-0.111940331757,0.00241362382813225,-0.040361221449344065,1.5783258659660488
344,163645108.401829,-26076.9863281,-92776.765625,-0.045119792223,0.003037656940285278,-0.0400547782068581,1.5790252497559434
345,163645108.500829,-26077.0019531,-92775.0859375,0.0215251073241,0.004356761750176328,-0.03938255595424933,1.579861005689334
346,163645108.600829,-26077.0117188,-92773.4296875,0.0859788581729,0.0039625885587925005,-0.037185785873767196,1.580163815315899
347,163645108.701828,-26077.0273438,-92771.78125,0.13982142508,0.0031300100713295667,-0.03408385215810683,1.5807065419210202
348,163645108.801828,-26077.0507812,-92770.125,0.197895169258,0.0029448830144550076,-0.032704703734473206,1.580636827150831
349,163645108.901828,-26077.0683594,-92768.46875,0.250667542219,0.0024196341318321246,-0.031007936730090613,1.5796605343797274
350,163645109.001828,-26077.0742188,-92766.7734375,0.299104213715,0.002011697845058285,-0.028729513718104283,1.578685859350588
351,163645109.100828,-26077.0878906,-92765.078125,0.345943391323,0.001708608732321825,-0.028107614777506784,1.5779999273647218
352,163645109.200828,-26077.0996094,-92763.3984375,0.39952275157,0.001933161329062817,-0.029127486778124156,1.5802862003474751
353,163645109.301828,-26077.1230469,-92761.75,0.447363138199,0.0025592885270228614,-0.02890546917394321,1.5835696389054181
354,163645109.402828,-26077.1542969,-92760.078125,0.49297785759,0.0020273708658182007,-0.02589357466954878,1.5854122409838858
355,163645109.501828,-26077.1796875,-92758.421875,0.532262206078,0.002237682344147811,-0.025374154674607796,1.589290208723093
356,163645109.601828,-26077.2089844,-92756.7578125,0.565366506577,0.0022341689858046024,-0.016404527010093428,1.5776986485460354
357,163645109.701827,-26077.2148438,-92755.078125,0.586363375187,0.0016356744695428045,-0.01515693129447393,1.5755308280763194
358,163645109.801827,-26077.2324219,-92753.40625,0.619575917721,0.0018638579902802849,-0.019754013000991888,1.5846213182153832
359,163645109.902827,-26077.2617188,-92751.75,0.65528267622,0.002277029512260015,-0.020673657751087093,1.5895276240872585
360,163645110.002827,-26077.2910156,-92750.09375,0.682483196259,0.0014568665945985141,-0.018879782137936507,1.587869220252274
361,163645110.101827,-26077.3183594,-92748.4375,0.709869742393,0.0012433266470165652,-0.017424247242515234,1.5855798265246577
362,163645110.202827,-26077.3417969,-92746.765625,0.736808657646,0.000926428313080553,-0.01679715406416249,1.584959373010269
363,163645110.301827,-26077.3652344,-92745.0859375,0.760815083981,0.000521476422669649,-0.016467838299957904,1.5857734745737488
364,163645110.401827,-26077.390625,-92743.40625,0.788434922695,0.0005277409149688992,-0.017358607495932654,1.5859388198555573
365,163645110.501827,-26077.4179688,-92741.75,0.823230683804,0.0009886352971305418,-0.01734952089498809,1.5875473049453093
366,163645110.601827,-26077.453125,-92740.1015625,0.855355322361,0.0005697140159412223,-0.01939884665444458,1.5889701398779696
367,163645110.701826,-26077.4882812,-92738.453125,0.886657655239,0.0007458791797784272,-0.02070119697568784,1.5878056169383892
368,163645110.802826,-26077.5117188,-92736.78125,0.921654820442,0.0009411063263345326,-0.019169519463339668,1.586731990499139
369,163645110.902826,-26077.5371094,-92735.109375,0.946553051472,0.0008810102557330128,-0.016249638092704854,1.585599421752697
370,163645111.002826,-26077.5527344,-92733.4453125,0.972337603569,0.0009288587143429274,-0.01376379213281509,1.5859632864577011
371,163645111.102826,-26077.5761719,-92731.78125,0.996525228024,0.0008369466219605864,-0.014841188252022519,1.5853739278852916
372,163645111.302826,-26077.6269531,-92728.4375,1.05511641502,0.000970790998987756,-0.018799715010553664,1.5797677629882347
373,163645111.402826,-26077.6328125,-92726.78125,1.08325791359,0.0006500570714150905,-0.013732497288039047,1.578208781975791
374,163645111.503826,-26077.6445312,-92725.1328125,1.1056355238,0.000765756315549562,-0.014324408493464391,1.5781003648775642
375,163645111.602826,-26077.6699219,-92723.453125,1.13236236572,0.0009491335941373796,-0.017754673939678556,1.5779615960255222
376,163645111.703826,-26077.6738281,-92721.796875,1.16016149521,0.0007458961912126857,-0.016763944111717333,1.5775469442804069
377,163645111.802825,-26077.6894531,-92720.140625,1.18915128708,0.0008260420589279365,-0.017382458343363494,1.5785058713556057
378,163645111.903825,-26077.7011719,-92718.4609375,1.21853339672,0.0007337653697698123,-0.013935615653847266,1.5793501055612422
379,163645112.003825,-26077.7226562,-92716.8125,1.23347377777,0.0010612660282354252,-0.002927205605102179,1.5792306960129285
380,163645112.103825,-26077.7363281,-92715.15625,1.22941410542,0.0007898408452728928,0.0017371816086095837,1.5789165609806783
381,163645112.303825,-26077.7539062,-92711.84375,1.23633241653,0.0013082440172305053,3.643683148180088e-05,1.579509873327018
382,163645112.403825,-26077.7714844,-92710.1796875,1.23750245571,0.0011150650749858092,0.0009894339081131243,1.5797366446470875
383,163645112.503825,-26077.7753906,-92708.484375,1.23778045177,0.0008414385904972569,-0.0019171326355278406,1.5785678607844855
384,163645112.602825,-26077.7832031,-92706.8203125,1.24280679226,0.0013384181611444527,-0.005952064928990364,1.5771552269466218
385,163645112.703825,-26077.8007812,-92705.1484375,1.25283694267,0.001389556422031084,-0.0069129719580889315,1.5756529339056817
386,163645112.803824,-26077.8066406,-92703.484375,1.26488101482,0.0012462460169449902,-0.00522532910188489,1.57366091661735
387,163645112.904824,-26077.8007812,-92701.8125,1.26575875282,0.001539769642285085,0.0049888381166878215,1.5715899994041764
388,163645113.003824,-26077.7890625,-92700.1640625,1.24876224995,0.0016369599453204666,0.012350379319052918,1.5698363019281518
389,163645113.102824,-26077.78125,-92698.4921875,1.23271465302,0.0014511984306392312,0.007889287208115547,1.5689263703525629
390,163645113.203824,-26077.78125,-92696.8203125,1.22369515896,0.0015185662705691802,0.004600202067780446,1.5675135322865188
391,163645113.301824,-26077.765625,-92695.1640625,1.21501266956,0.0019817418300409136,0.0023000001442234908,1.5666834735673145
392,163645113.401824,-26077.765625,-92693.4765625,1.21632838249,0.002109766011251342,-0.0020700518123202283,1.5662727368922584
393,163645113.502824,-26077.7558594,-92691.796875,1.21989130974,0.0022593646525835855,-0.004152459854833035,1.5652743152223683
394,163645113.602824,-26077.7382812,-92690.1328125,1.22405266762,0.002564266087969613,-0.0032769214970584937,1.5634960992354021
395,163645113.702824,-26077.7324219,-92688.4765625,1.22934353352,0.0026014299098448134,-0.0025875382681934678,1.5607895801139113
396,163645113.802824,-26077.7128906,-92686.7890625,1.23422265053,0.0031038006733923673,-0.0021094111493191736,1.5581662917386494
397,163645113.902823,-26077.6914062,-92685.125,1.23514187336,0.003037436692004729,-0.0009104236227195361,1.5556696429333259
398,163645114.002823,-26077.6699219,-92683.4609375,1.23673892021,0.0027802702210649416,-0.0008098527080100393,1.553213918343139
399,163645114.101823,-26077.6289062,-92681.796875,1.24171543121,0.0026899155454899143,-0.0017891329931205568,1.550367625124585
400,163645114.202823,-26077.5917969,-92680.1328125,1.24887681007,0.002384127825905332,-0.0017910382467061225,1.5473226682686918
401,163645114.301823,-26077.5507812,-92678.4609375,1.24666059017,0.002894088817319416,-0.0015583531988949684,1.544910833940253
402,163645114.401823,-26077.5078125,-92676.7890625,1.25122225285,0.0028952030330775453,-0.0029760950052184487,1.542243081674643
403,163645114.502823,-26077.4492188,-92675.1171875,1.25964617729,0.0033134329641012965,-0.005349652593805931,1.5386181279863385
404,163645114.602823,-26077.390625,-92673.453125,1.27304506302,0.0029619527880539887,-0.006576953800059515,1.5344980259516947
405,163645114.702823,-26077.3261719,-92671.8046875,1.2809343338,0.0034044818951612784,-0.0043681909969173205,1.531126696353551
406,163645114.802823,-26077.2578125,-92670.1484375,1.28581559658,0.002822506395774464,-0.0018960767460516337,1.5279729062419656
407,163645114.903822,-26077.1816406,-92668.4765625,1.28867483139,0.0022762485235299315,-0.0017224754253297725,1.524921955578319
408,163645115.002822,-26077.1152344,-92666.796875,1.29172313213,0.0026927553850409247,-0.0020573582665832646,1.5215944889161184
409,163645115.101822,-26077.0273438,-92665.1484375,1.29632306099,0.002491530705266289,-0.0027923896824690875,1.5183754601488682
410,163645115.201822,-26076.9453125,-92663.484375,1.30202150345,0.0025948519423357646,-0.0031501133424203243,1.5154547603408053
411,163645115.302822,-26076.8574219,-92661.8203125,1.30154204369,0.0025943319596058523,-0.0022672959913803137,1.512526451156734
412,163645115.402822,-26076.7597656,-92660.15625,1.30307221413,0.0025352020140423106,-0.00031030195270620453,1.5089875050735382
413,163645115.502822,-26076.6582031,-92658.5,1.30523014069,0.002519480831388074,-0.0005881193586663169,1.5054278069970488
414,163645115.602822,-26076.5390625,-92656.828125,1.30831456184,0.0028252770287740666,-0.0035622779483197586,1.5024288846684013
415,163645115.703822,-26076.4296875,-92655.1640625,1.31615793705,0.0029827124009388782,-0.004545124864373529,1.4994597252449966
416,163645115.802822,-26076.3007812,-92653.4765625,1.32277941704,0.002749828753803356,-0.0037740204772345187,1.4976507839826922
417,163645115.902822,-26076.1777344,-92651.8046875,1.32921779156,0.0027735368749212063,-0.0034244334864019788,1.4972581840277852
418,163645116.001821,-26076.0566406,-92650.15625,1.32779443264,0.0034580451524509766,-0.0038194873839749732,1.496341274670036
419,163645116.101821,-26075.9394531,-92648.484375,1.33459055424,0.003096345872032094,-0.00439381253234683,1.4941586794884996
420,163645116.201821,-26075.8085938,-92646.8203125,1.33859348297,0.003550691629430925,-0.004600611489644857,1.491298578819263
421,163645116.302821,-26075.6738281,-92645.1484375,1.34224224091,0.003939433220756874,-0.005589000712214354,1.4879839623260154
422,163645116.402821,-26075.5273438,-92643.4921875,1.35160076618,0.004257511513167184,-0.00701191210871932,1.485046363032972
423,163645116.502821,-26075.3886719,-92641.859375,1.37146306038,0.0035682213355744527,-0.006499020552457768,1.482679715446682
424,163645116.602821,-26075.2402344,-92640.203125,1.38047862053,0.00362914491842113,-0.0014951146415094207,1.4806408685192334
425,163645116.702821,-26075.0859375,-92638.5546875,1.37674212456,0.00428425098078756,0.002247640269400275,1.4765708295582118
426,163645116.803821,-26074.921875,-92636.890625,1.37631940842,0.0033366964459183262,-0.0005846404858540488,1.4703377691119308
427,163645116.902821,-26074.7460938,-92635.25,1.37678766251,0.0033278054184477514,-0.0016233332544048906,1.4646642503016805
428,163645117.00382,-26074.5703125,-92633.5859375,1.3759676218,0.003453309782541202,-0.001050457404807137,1.4603321003258594
429,163645117.10382,-26074.3789062,-92631.9296875,1.37720382214,0.00338778051425851,-0.002030057853584344,1.4560626195582855
430,163645117.20282,-26074.1738281,-92630.25,1.38318252563,0.0030307363180344664,-0.002839665560081306,1.4525046063627154
431,163645117.30282,-26073.9921875,-92628.6015625,1.38222134113,0.003857629164515017,-0.0018522440582033894,1.447986018774033
432,163645117.40382,-26073.7851562,-92626.96875,1.38777887821,0.0034416182240172783,-0.0012142603234788218,1.4432996210234632
433,163645117.50282,-26073.5585938,-92625.28125,1.3895097971,0.003250531437121257,-0.0009436289158974986,1.4392132593572158
434,163645117.60382,-26073.3359375,-92623.625,1.39783501625,0.002164887252414762,-0.0013135641680772636,1.437868977272627
435,163645117.70282,-26073.1132812,-92621.9609375,1.4055557251,0.0021433861349393502,-0.004757037168950262,1.43800886468428
436,163645117.80282,-26072.8925781,-92620.2890625,1.41356551647,0.0023288164377349607,-0.007602119869225765,1.4355392416567785
437,163645117.90382,-26072.6621094,-92618.6796875,1.42231082916,0.002401842542875778,-0.006844815837068641,1.429542212496964
438,163645118.00382,-26072.4160156,-92617.0390625,1.44150900841,0.0007846278358897332,-0.002200284054074908,1.4194101145146145
439,163645118.102819,-26072.1503906,-92615.3671875,1.445140481,0.0008514789116507757,-0.0008772971400670126,1.4118982538277502
440,163645118.202819,-26071.8828125,-92613.7109375,1.44823431969,0.0006039652877409603,-0.0031031175451938786,1.4070622047624612
441,163645118.303819,-26071.6132812,-92612.0703125,1.44772779942,0.0011494359860012902,-0.003975266871672156,1.4032045485896978
442,163645118.402819,-26071.3320312,-92610.421875,1.46043777466,0.0004153661347928943,-0.0035510064370067873,1.406360974861688
443,163645118.503819,-26071.0605469,-92608.765625,1.46850669384,0.00031616565735331374,-0.003415531961764584,1.406752842734799
444,163645118.602819,-26070.7832031,-92607.1015625,1.47995316982,0.0005603340024665824,-0.005111688593302244,1.4007589078423275
445,163645118.703819,-26070.5,-92605.453125,1.48872280121,0.0004367718081856924,-0.005126438122968091,1.3977712107582434
446,163645118.803819,-26070.2167969,-92603.8203125,1.49529790878,0.00038209538789314555,-0.003963165950813252,1.3961269300761099
447,163645118.902819,-26069.9199219,-92602.203125,1.5025177002,6.836890416834833e-05,-0.0021312413712173406,1.3938597057325377
448,163645119.002819,-26069.6210938,-92600.5703125,1.50324261189,0.00046303153192604784,-0.00018482715076539868,1.391912093931303
449,163645119.102818,-26069.3222656,-92598.9140625,1.50003993511,0.0007045561842867103,0.0015368721299489074,1.3898262654106357
450,163645119.201818,-26069.0214844,-92597.2734375,1.49848365784,0.0006652864501205182,0.002473030179745095,1.3873630219323363
451,163645119.303818,-26068.7226562,-92595.625,1.49923634529,0.0004458914428768648,0.0008608658112230216,1.3848100716111273
452,163645119.402818,-26068.40625,-92594.0078125,1.50271832943,0.0007857716443618064,-0.0004696110726623015,1.3812546970636994
453,163645119.502818,-26068.0859375,-92592.40625,1.50752222538,0.00044698316649024127,-0.002747169480109779,1.3773423040226302
454,163645119.602818,-26067.7539062,-92590.765625,1.51650643349,0.0004586183152283724,-0.008861662004072013,1.3728635729797507
455,163645119.703818,-26067.4296875,-92589.1328125,1.53695297241,0.0005196133526864348,-0.010527810473656807,1.3691339256797004
456,163645119.803818,-26067.0917969,-92587.484375,1.54974520206,0.0005645044625970527,-0.007778914736570108,1.365727804852591
457,163645119.903818,-26066.7441406,-92585.890625,1.56426048279,0.0006929047126626108,-0.010075098810880867,1.3624735387888778
458,163645120.003818,-26066.4003906,-92584.2734375,1.58779716492,0.00037823798269281424,-0.011804299349769787,1.3586551913712308
459,163645120.103818,-26066.0507812,-92582.6328125,1.60523271561,0.00036211489768904893,-0.010075499579377478,1.354425084755045
460,163645120.203817,-26065.6914062,-92580.9921875,1.62487828732,0.0002600984470995868,-0.013215113405067092,1.3502930975569174
461,163645120.303817,-26065.3164062,-92579.3828125,1.64746928215,0.00036693269805592615,-0.014483388201550262,1.3462760342745779
462,163645120.403817,-26064.953125,-92577.765625,1.66549241543,0.0005469118554890552,-0.007655478142801764,1.342677177572815
463,163645120.503817,-26064.5683594,-92576.1484375,1.67593789101,0.000162214552604339,-0.0045719417470238,1.3392838628915138
464,163645120.603817,-26064.1835938,-92574.5234375,1.68727350235,0.00045798524837961316,-0.007026986774213428,1.3366409376965396
465,163645120.702817,-26063.7929688,-92572.9140625,1.69823312759,0.0005270423068946188,-0.007107961481052749,1.3351464308339234
466,163645120.802817,-26063.4140625,-92571.2890625,1.70562720299,0.00021564270077233712,-0.0031386030073770055,1.3331222667713503
467,163645120.903817,-26063.0097656,-92569.6796875,1.70625603199,0.00030292835475140463,0.00040293207968766787,1.3301189295239264
468,163645121.002817,-26062.6054688,-92568.0625,1.70791625977,0.00018578611407799782,-0.0005798714906488645,1.3268146314028613
469,163645121.103817,-26062.1914062,-92566.4609375,1.71252810955,0.0003482592714968447,-0.0037671500651219603,1.322551893641009
470,163645121.203816,-26061.7734375,-92564.84375,1.72049093246,0.0005747049201613805,-0.0036427053203167414,1.3171991947154618
471,163645121.304816,-26061.3574219,-92563.234375,1.72337293625,0.00033923885704197114,-0.003885880879422654,1.3125075850494239
472,163645121.403816,-26060.9179688,-92561.625,1.7326182127,0.00028499620515098613,-0.0058316586186693,1.309219248972466
473,163645121.503816,-26060.4785156,-92560.0078125,1.74121689796,4.9812289990291366e-05,-0.006242670235883985,1.3059964825495585
474,163645121.602816,-26060.046875,-92558.40625,1.75188910961,0.00011547876608613201,-0.00539474574765042,1.302769122773083
475,163645121.703816,-26059.59375,-92556.7890625,1.76156795025,7.385858720773835e-05,-0.004999344081611401,1.2994494215493324
476,163645121.802816,-26059.1445312,-92555.203125,1.76568341255,0.0004918742172834587,-0.0036828200248952836,1.2962686095728182
477,163645121.903816,-26058.6875,-92553.5859375,1.7671765089,0.00019878438474004896,-0.001003571530008296,1.2938668767007453
478,163645122.002816,-26058.2285156,-92551.9765625,1.76545870304,0.0006705539052413159,2.3271508569289168e-05,1.292042394566119
479,163645122.104816,-26057.7558594,-92550.3671875,1.77148914337,0.0005960785716438107,-0.0020270392469221576,1.2903960594265804
480,163645122.202816,-26057.3007812,-92548.7734375,1.78086268902,0.0005972813925526116,-0.0043943844751952454,1.2893200812048256
481,163645122.300815,-26056.84375,-92547.171875,1.78794229031,0.0009157674731078068,-0.00443588044949994,1.289469095217114
